observation_date,DTB6
2021-04-21,0.04
2021-04-22,0.04
2021-04-23,0.03
2021-04-26,0.04
2021-04-27,0.04
2021-04-28,0.04
2021-04-29,0.04
2021-04-30,0.03
2021-05-03,0.04
2021-05-04,0.04
2021-05-05,0.04
2021-05-06,0.04
2021-05-07,0.04
2021-05-10,0.04
2021-05-11,0.04
2021-05-12,0.04
2021-05-13,0.03
2021-05-14,0.03
2021-05-17,0.04
2021-05-18,0.03
2021-05-19,0.03
2021-05-20,0.03
2021-05-21,0.02
2021-05-24,0.03
2021-05-25,0.04
2021-05-26,0.04
2021-05-27,0.04
2021-05-28,0.03
2021-05-31,
2021-06-01,0.04
2021-06-02,0.04
2021-06-03,0.04
2021-06-04,0.04
2021-06-07,0.04
2021-06-08,0.04
2021-06-09,0.04
2021-06-10,0.04
2021-06-11,0.04
2021-06-14,0.05
2021-06-15,0.05
2021-06-16,0.06
2021-06-17,0.06
2021-06-18,0.06
2021-06-21,0.06
2021-06-22,0.06
2021-06-23,0.05
2021-06-24,0.05
2021-06-25,0.06
2021-06-28,0.06
2021-06-29,0.06
2021-06-30,0.06
2021-07-01,0.05
2021-07-02,0.05
2021-07-05,
2021-07-06,0.06
2021-07-07,0.05
2021-07-08,0.06
2021-07-09,0.05
2021-07-12,0.06
2021-07-13,0.06
2021-07-14,0.05
2021-07-15,0.05
2021-07-16,0.05
2021-07-19,0.06
2021-07-20,0.06
2021-07-21,0.05
2021-07-22,0.05
2021-07-23,0.05
2021-07-26,0.06
2021-07-27,0.05
2021-07-28,0.05
2021-07-29,0.05
2021-07-30,0.05
2021-08-02,0.06
2021-08-03,0.06
2021-08-04,0.05
2021-08-05,0.06
2021-08-06,0.06
2021-08-09,0.06
2021-08-10,0.05
2021-08-11,0.06
2021-08-12,0.06
2021-08-13,0.05
2021-08-16,0.05
2021-08-17,0.06
2021-08-18,0.05
2021-08-19,0.05
2021-08-20,0.05
2021-08-23,0.06
2021-08-24,0.05
2021-08-25,0.06
2021-08-26,0.06
2021-08-27,0.05
2021-08-30,0.05
2021-08-31,0.06
2021-09-01,0.06
2021-09-02,0.06
2021-09-03,0.05
2021-09-06,
2021-09-07,0.06
2021-09-08,0.06
2021-09-09,0.05
2021-09-10,0.06
2021-09-13,0.06
2021-09-14,0.05
2021-09-15,0.05
2021-09-16,0.05
2021-09-17,0.05
2021-09-20,0.05
2021-09-21,0.04
2021-09-22,0.05
2021-09-23,0.04
2021-09-24,0.05
2021-09-27,0.05
2021-09-28,0.06
2021-09-29,0.05
2021-09-30,0.05
2021-10-01,0.05
2021-10-04,0.06
2021-10-05,0.06
2021-10-06,0.06
2021-10-07,0.06
2021-10-08,0.07
2021-10-11,
2021-10-12,0.06
2021-10-13,0.06
2021-10-14,0.06
2021-10-15,0.06
2021-10-18,0.06
2021-10-19,0.06
2021-10-20,0.06
2021-10-21,0.06
2021-10-22,0.07
2021-10-25,0.06
2021-10-26,0.06
2021-10-27,0.07
2021-10-28,0.06
2021-10-29,0.07
2021-11-01,0.06
2021-11-02,0.07
2021-11-03,0.07
2021-11-04,0.07
2021-11-05,0.07
2021-11-08,0.07
2021-11-09,0.06
2021-11-10,0.07
2021-11-11,
2021-11-12,0.07
2021-11-15,0.06
2021-11-16,0.07
2021-11-17,0.06
2021-11-18,0.06
2021-11-19,0.06
2021-11-22,0.07
2021-11-23,0.07
2021-11-24,0.10
2021-11-25,
2021-11-26,0.10
2021-11-29,0.10
2021-11-30,0.10
2021-12-01,0.10
2021-12-02,0.09
2021-12-03,0.09
2021-12-06,0.13
2021-12-07,0.15
2021-12-08,0.13
2021-12-09,0.12
2021-12-10,0.13
2021-12-13,0.11
2021-12-14,0.13
2021-12-15,0.13
2021-12-16,0.13
2021-12-17,0.13
2021-12-20,0.16
2021-12-21,0.16
2021-12-22,0.16
2021-12-23,0.18
2021-12-24,
2021-12-27,0.21
2021-12-28,0.20
2021-12-29,0.19
2021-12-30,0.19
2021-12-31,0.19
2022-01-03,0.22
2022-01-04,0.23
2022-01-05,0.23
2022-01-06,0.23
2022-01-07,0.24
2022-01-10,0.29
2022-01-11,0.28
2022-01-12,0.28
2022-01-13,0.28
2022-01-14,0.30
2022-01-17,
2022-01-18,0.37
2022-01-19,0.36
2022-01-20,0.36
2022-01-21,0.35
2022-01-24,0.39
2022-01-25,0.39
2022-01-26,0.40
2022-01-27,0.43
2022-01-28,0.43
2022-01-31,0.49
2022-02-01,0.48
2022-02-02,0.45
2022-02-03,0.48
2022-02-04,0.55
2022-02-07,0.59
2022-02-08,0.59
2022-02-09,0.57
2022-02-10,0.74
2022-02-11,0.70
2022-02-14,0.77
2022-02-15,0.72
2022-02-16,0.67
2022-02-17,0.65
2022-02-18,0.65
2022-02-21,
2022-02-22,0.74
2022-02-23,0.74
2022-02-24,0.64
2022-02-25,0.71
2022-02-28,0.68
2022-03-01,0.59
2022-03-02,0.66
2022-03-03,0.67
2022-03-04,0.66
2022-03-07,0.73
2022-03-08,0.70
2022-03-09,0.73
2022-03-10,0.73
2022-03-11,0.75
2022-03-14,0.84
2022-03-15,0.84
2022-03-16,0.84
2022-03-17,0.79
2022-03-18,0.80
2022-03-21,0.93
2022-03-22,0.94
2022-03-23,0.90
2022-03-24,0.93
2022-03-25,0.98
2022-03-28,1.06
2022-03-29,1.03
2022-03-30,1.01
2022-03-31,1.02
2022-04-01,1.05
2022-04-04,1.12
2022-04-05,1.11
2022-04-06,1.13
2022-04-07,1.12
2022-04-08,1.16
2022-04-11,1.22
2022-04-12,1.18
2022-04-13,1.17
2022-04-14,1.22
2022-04-15,
2022-04-18,1.25
2022-04-19,1.26
2022-04-20,1.26
2022-04-21,1.29
2022-04-22,1.30
2022-04-25,1.40
2022-04-26,1.37
2022-04-27,1.36
2022-04-28,1.35
2022-04-29,1.37
2022-05-02,1.45
2022-05-03,1.41
2022-05-04,1.39
2022-05-05,1.33
2022-05-06,1.36
2022-05-09,1.39
2022-05-10,1.40
2022-05-11,1.39
2022-05-12,1.39
2022-05-13,1.42
2022-05-16,1.50
2022-05-17,1.52
2022-05-18,1.52
2022-05-19,1.47
2022-05-20,1.46
2022-05-23,1.53
2022-05-24,1.49
2022-05-25,1.48
2022-05-26,1.48
2022-05-27,1.49
2022-05-30,
2022-05-31,1.60
2022-06-01,1.59
2022-06-02,1.60
2022-06-03,1.63
2022-06-06,1.70
2022-06-07,1.71
2022-06-08,1.73
2022-06-09,1.76
2022-06-10,1.92
2022-06-13,2.20
2022-06-14,2.37
2022-06-15,2.25
2022-06-16,2.17
2022-06-17,2.17
2022-06-20,
2022-06-21,2.39
2022-06-22,2.34
2022-06-23,2.37
2022-06-24,2.43
2022-06-27,2.49
2022-06-28,2.48
2022-06-29,2.48
2022-06-30,2.44
2022-07-01,2.44
2022-07-04,
2022-07-05,2.50
2022-07-06,2.53
2022-07-07,2.54
2022-07-08,2.58
2022-07-11,2.70
2022-07-12,2.69
2022-07-13,2.85
2022-07-14,2.82
2022-07-15,2.83
2022-07-18,2.91
2022-07-19,2.95
2022-07-20,2.93
2022-07-21,2.88
2022-07-22,2.86
2022-07-25,2.95
2022-07-26,2.90
2022-07-27,2.83
2022-07-28,2.79
2022-07-29,2.81
2022-08-01,2.86
2022-08-02,2.89
2022-08-03,2.89
2022-08-04,2.87
2022-08-05,2.98
2022-08-08,3.04
2022-08-09,3.05
2022-08-10,3.01
2022-08-11,2.96
2022-08-12,3.01
2022-08-15,3.02
2022-08-16,3.01
2022-08-17,3.03
2022-08-18,3.01
2022-08-19,3.04
2022-08-22,3.11
2022-08-23,3.10
2022-08-24,3.15
2022-08-25,3.13
2022-08-26,3.14
2022-08-29,3.25
2022-08-30,3.25
2022-08-31,3.25
2022-09-01,3.27
2022-09-02,3.26
2022-09-05,
2022-09-06,3.33
2022-09-07,3.34
2022-09-08,3.37
2022-09-09,3.44
2022-09-12,3.48
2022-09-13,3.67
2022-09-14,3.68
2022-09-15,3.69
2022-09-16,3.68
2022-09-19,3.78
2022-09-20,3.77
2022-09-21,3.77
2022-09-22,3.78
2022-09-23,3.76
2022-09-26,3.87
2022-09-27,3.83
2022-09-28,3.78
2022-09-29,3.78
2022-09-30,3.82
2022-10-03,3.86
2022-10-04,3.87
2022-10-05,3.88
2022-10-06,3.91
2022-10-07,3.96
2022-10-10,
2022-10-11,4.05
2022-10-12,4.03
2022-10-13,4.16
2022-10-14,4.17
2022-10-17,4.25
2022-10-18,4.25
2022-10-19,4.31
2022-10-20,4.34
2022-10-21,4.29
2022-10-24,4.38
2022-10-25,4.36
2022-10-26,4.32
2022-10-27,4.30
2022-10-28,4.37
2022-10-31,4.45
2022-11-01,4.46
2022-11-02,4.45
2022-11-03,4.44
2022-11-04,4.43
2022-11-07,4.50
2022-11-08,4.48
2022-11-09,4.47
2022-11-10,4.40
2022-11-11,
2022-11-14,4.43
2022-11-15,4.41
2022-11-16,4.42
2022-11-17,4.44
2022-11-18,4.48
2022-11-21,4.53
2022-11-22,4.55
2022-11-23,4.55
2022-11-24,
2022-11-25,4.54
2022-11-28,4.57
2022-11-29,4.56
2022-11-30,4.54
2022-12-01,4.49
2022-12-02,4.50
2022-12-05,4.58
2022-12-06,4.58
2022-12-07,4.56
2022-12-08,4.55
2022-12-09,4.56
2022-12-12,4.62
2022-12-13,4.54
2022-12-14,4.52
2022-12-15,4.54
2022-12-16,4.52
2022-12-19,4.55
2022-12-20,4.55
2022-12-21,4.51
2022-12-22,4.51
2022-12-23,4.52
2022-12-26,
2022-12-27,4.60
2022-12-28,4.59
2022-12-29,4.57
2022-12-30,4.60
2023-01-02,
2023-01-03,4.63
2023-01-04,4.64
2023-01-05,4.68
2023-01-06,4.65
2023-01-09,4.69
2023-01-10,4.71
2023-01-11,4.70
2023-01-12,4.62
2023-01-13,4.64
2023-01-16,
2023-01-17,4.68
2023-01-18,4.65
2023-01-19,4.65
2023-01-20,4.66
2023-01-23,4.68
2023-01-24,4.70
2023-01-25,4.65
2023-01-26,4.66
2023-01-27,4.67
2023-01-30,4.68
2023-01-31,4.67
2023-02-01,4.65
2023-02-02,4.62
2023-02-03,4.68
2023-02-06,4.75
2023-02-07,4.75
2023-02-08,4.74
2023-02-09,4.76
2023-02-10,4.75
2023-02-13,4.84
2023-02-14,4.83
2023-02-15,4.82
2023-02-16,4.83
2023-02-17,4.84
2023-02-20,
2023-02-21,4.92
2023-02-22,4.93
2023-02-23,4.90
2023-02-24,4.91
2023-02-27,4.94
2023-02-28,4.93
2023-03-01,4.96
2023-03-02,4.94
2023-03-03,4.94
2023-03-06,4.98
2023-03-07,5.07
2023-03-08,5.09
2023-03-09,5.07
2023-03-10,4.93
2023-03-13,4.59
2023-03-14,4.71
2023-03-15,4.53
2023-03-16,4.72
2023-03-17,4.51
2023-03-20,4.58
2023-03-21,4.74
2023-03-22,4.73
2023-03-23,4.59
2023-03-24,4.56
2023-03-27,4.65
2023-03-28,4.68
2023-03-29,4.70
2023-03-30,4.70
2023-03-31,4.72
2023-04-03,4.69
2023-04-04,4.61
2023-04-05,4.63
2023-04-06,4.74
2023-04-07,4.75
2023-04-10,4.78
2023-04-11,4.79
2023-04-12,4.78
2023-04-13,4.75
2023-04-14,4.83
2023-04-17,4.86
2023-04-18,4.88
2023-04-19,4.89
2023-04-20,4.85
2023-04-21,4.87
2023-04-24,4.85
2023-04-25,4.78
2023-04-26,4.80
2023-04-27,4.85
2023-04-28,4.86
2023-05-01,4.91
2023-05-02,4.83
2023-05-03,4.85
2023-05-04,4.82
2023-05-05,4.90
2023-05-08,4.90
2023-05-09,4.94
2023-05-10,4.89
2023-05-11,4.90
2023-05-12,4.93
2023-05-15,4.99
2023-05-16,5.02
2023-05-17,5.05
2023-05-18,5.13
2023-05-19,5.11
2023-05-22,5.17
2023-05-23,5.14
2023-05-24,5.17
2023-05-25,5.20
2023-05-26,5.18
2023-05-29,
2023-05-30,5.29
2023-05-31,5.23
2023-06-01,5.21
2023-06-02,5.27
2023-06-05,5.23
2023-06-06,5.21
2023-06-07,5.20
2023-06-08,5.17
2023-06-09,5.16
2023-06-12,5.15
2023-06-13,5.14
2023-06-14,5.14
2023-06-15,5.11
2023-06-16,5.12
2023-06-19,
2023-06-20,5.18
2023-06-21,5.18
2023-06-22,5.18
2023-06-23,5.19
2023-06-26,5.22
2023-06-27,5.23
2023-06-28,5.23
2023-06-29,5.27
2023-06-30,5.24
2023-07-03,5.27
2023-07-04,
2023-07-05,5.25
2023-07-06,5.28
2023-07-07,5.26
2023-07-10,5.28
2023-07-11,5.28
2023-07-12,5.27
2023-07-13,5.23
2023-07-14,5.25
2023-07-17,5.26
2023-07-18,5.25
2023-07-19,5.25
2023-07-20,5.26
2023-07-21,5.27
2023-07-24,5.28
2023-07-25,5.30
2023-07-26,5.28
2023-07-27,5.29
2023-07-28,5.28
2023-07-31,5.27
2023-08-01,5.27
2023-08-02,5.26
2023-08-03,5.26
2023-08-04,5.24
2023-08-07,5.27
2023-08-08,5.27
2023-08-09,5.27
2023-08-10,5.26
2023-08-11,5.26
2023-08-14,5.29
2023-08-15,5.28
2023-08-16,5.28
2023-08-17,5.27
2023-08-18,5.26
2023-08-21,5.31
2023-08-22,5.30
2023-08-23,5.28
2023-08-24,5.33
2023-08-25,5.34
2023-08-28,5.35
2023-08-29,5.31
2023-08-30,5.30
2023-08-31,5.28
2023-09-01,5.27
2023-09-04,
2023-09-05,5.31
2023-09-06,5.31
2023-09-07,5.29
2023-09-08,5.29
2023-09-11,5.30
2023-09-12,5.32
2023-09-13,5.31
2023-09-14,5.29
2023-09-15,5.29
2023-09-18,5.30
2023-09-19,5.30
2023-09-20,5.30
2023-09-21,5.31
2023-09-22,5.32
2023-09-25,5.31
2023-09-26,5.32
2023-09-27,5.33
2023-09-28,5.32
2023-09-29,5.32
2023-10-02,5.34
2023-10-03,5.34
2023-10-04,5.33
2023-10-05,5.32
2023-10-06,5.35
2023-10-09,
2023-10-10,5.33
2023-10-11,5.32
2023-10-12,5.35
2023-10-13,5.34
2023-10-16,5.34
2023-10-17,5.36
2023-10-18,5.34
2023-10-19,5.32
2023-10-20,5.31
2023-10-23,5.32
2023-10-24,5.33
2023-10-25,5.33
2023-10-26,5.31
2023-10-27,5.32
2023-10-30,5.32
2023-10-31,5.33
2023-11-01,5.30
2023-11-02,5.29
2023-11-03,5.25
2023-11-06,5.27
2023-11-07,5.26
2023-11-08,5.26
2023-11-09,5.26
2023-11-10,5.26
2023-11-13,5.27
2023-11-14,5.21
2023-11-15,5.21
2023-11-16,5.19
2023-11-17,5.19
2023-11-20,5.22
2023-11-21,5.22
2023-11-22,5.22
2023-11-23,
2023-11-24,5.25
2023-11-27,5.24
2023-11-28,5.21
2023-11-29,5.18
2023-11-30,5.18
2023-12-01,5.14
2023-12-04,5.18
2023-12-05,5.15
2023-12-06,5.16
2023-12-07,5.14
2023-12-08,5.17
2023-12-11,5.17
2023-12-12,5.18
2023-12-13,5.11
2023-12-14,5.09
2023-12-15,5.12
2023-12-18,5.13
2023-12-19,5.12
2023-12-20,5.11
2023-12-21,5.09
2023-12-22,5.10
2023-12-25,
2023-12-26,5.06
2023-12-27,5.05
2023-12-28,5.06
2023-12-29,5.05
2024-01-01,
2024-01-02,5.04
2024-01-03,5.06
2024-01-04,5.06
2024-01-05,5.05
2024-01-08,5.04
2024-01-09,5.04
2024-01-10,5.04
2024-01-11,5.03
2024-01-12,4.98
2024-01-15,
2024-01-16,4.99
2024-01-17,5.01
2024-01-18,5.01
2024-01-19,5.03
2024-01-22,5.02
2024-01-23,5.02
2024-01-24,5.03
2024-01-25,5.00
2024-01-26,5.01
2024-01-29,4.99
2024-01-30,5.00
2024-01-31,5.00
2024-02-01,4.97
2024-02-02,5.03
2024-02-05,5.05
2024-02-06,5.04
2024-02-07,5.04
2024-02-08,5.05
2024-02-09,5.07
2024-02-12,5.07
2024-02-13,5.12
2024-02-14,5.11
2024-02-15,5.11
2024-02-16,5.12
2024-02-19,
2024-02-20,5.12
2024-02-21,5.12
2024-02-22,5.13
2024-02-23,5.13
2024-02-26,5.14
2024-02-27,5.13
2024-02-28,5.11
2024-02-29,5.11
2024-03-01,5.09
2024-03-04,5.11
2024-03-05,5.10
2024-03-06,5.10
2024-03-07,5.09
2024-03-08,5.10
2024-03-11,5.10
2024-03-12,5.12
2024-03-13,5.12
2024-03-14,5.13
2024-03-15,5.13
2024-03-18,5.13
2024-03-19,5.14
2024-03-20,5.11
2024-03-21,5.11
2024-03-22,5.10
2024-03-25,5.11
2024-03-26,5.11
2024-03-27,5.11
2024-03-28,5.13
2024-03-29,
2024-04-01,5.13
2024-04-02,5.11
2024-04-03,5.11
2024-04-04,5.10
2024-04-05,5.12
2024-04-08,5.12
2024-04-09,5.11
2024-04-10,5.17
2024-04-11,5.16
2024-04-12,5.14
2024-04-15,5.16
2024-04-16,5.16
2024-04-17,5.15
2024-04-18,5.16
2024-04-19,5.17
2024-04-22,5.16
2024-04-23,5.16
2024-04-24,5.17
2024-04-25,5.18
2024-04-26,5.18
2024-04-29,5.17
2024-04-30,5.18
2024-05-01,5.17
2024-05-02,5.16
2024-05-03,5.16
2024-05-06,5.16
2024-05-07,5.16
2024-05-08,5.16
2024-05-09,5.15
2024-05-10,5.17
2024-05-13,5.17
2024-05-14,5.17
2024-05-15,5.15
2024-05-16,5.16
2024-05-17,5.16
2024-05-20,5.17
2024-05-21,5.16
2024-05-22,5.17
2024-05-23,5.18
2024-05-24,5.18
2024-05-27,
2024-05-28,5.18
2024-05-29,5.17
2024-05-30,5.17
2024-05-31,5.17
2024-06-03,5.16
2024-06-04,5.15
2024-06-05,5.14
2024-06-06,5.14
2024-06-07,5.17
2024-06-10,5.17
2024-06-11,5.16
2024-06-12,5.15
2024-06-13,5.14
2024-06-14,5.14
2024-06-17,5.16
2024-06-18,5.15
2024-06-19,
2024-06-20,5.15
2024-06-21,5.14
2024-06-24,5.14
2024-06-25,5.14
2024-06-26,5.14
2024-06-27,5.12
2024-06-28,5.11
2024-07-01,5.12
2024-07-02,5.11
2024-07-03,5.11
2024-07-04,
2024-07-05,5.09
2024-07-08,5.08
2024-07-09,5.09
2024-07-10,5.09
2024-07-11,5.01
2024-07-12,5.00
2024-07-15,4.99
2024-07-16,4.99
2024-07-17,4.99
2024-07-18,5.00
2024-07-19,5.00
2024-07-22,5.00
2024-07-23,4.98
2024-07-24,4.96
2024-07-25,4.95
2024-07-26,4.95
2024-07-29,4.94
2024-07-30,4.92
2024-07-31,4.91
2024-08-01,4.85
2024-08-02,4.68
2024-08-05,4.69
2024-08-06,4.77
2024-08-07,4.77
2024-08-08,4.79
2024-08-09,4.80
2024-08-12,4.79
2024-08-13,4.75
2024-08-14,4.77
2024-08-15,4.82
2024-08-16,4.80
2024-08-19,4.77
2024-08-20,4.74
2024-08-21,4.70
2024-08-22,4.74
2024-08-23,4.71
2024-08-26,4.69
2024-08-27,4.67
2024-08-28,4.66
2024-08-29,4.68
2024-08-30,4.69
2024-09-02,
2024-09-03,4.65
2024-09-04,4.60
2024-09-05,4.59
2024-09-06,4.56
2024-09-09,4.53
2024-09-10,4.51
2024-09-11,4.58
2024-09-12,4.54
2024-09-13,4.48
2024-09-16,4.41
2024-09-17,4.41
2024-09-18,4.37
2024-09-19,4.34
2024-09-20,4.31
2024-09-23,4.26
2024-09-24,4.23
2024-09-25,4.24
2024-09-26,4.26
2024-09-27,4.24
2024-09-30,4.23
2024-10-01,4.22
2024-10-02,4.22
2024-10-03,4.23
2024-10-04,4.31
2024-10-07,4.30
2024-10-08,4.29
2024-10-09,4.31
2024-10-10,4.31
2024-10-11,4.30
2024-10-14,
2024-10-15,4.28
2024-10-16,4.28
2024-10-17,4.30
2024-10-18,4.31
2024-10-21,4.32
2024-10-22,4.32
2024-10-23,4.34
2024-10-24,4.34
2024-10-25,4.37
2024-10-28,4.33
2024-10-29,4.33
2024-10-30,4.32
2024-10-31,4.31
2024-11-01,4.30
2024-11-04,4.27
2024-11-05,4.27
2024-11-06,4.29
2024-11-07,4.28
2024-11-08,4.30
2024-11-11,
2024-11-12,4.32
2024-11-13,4.28
2024-11-14,4.31
2024-11-15,4.32
2024-11-18,4.31
2024-11-19,4.32
2024-11-20,4.32
2024-11-21,4.33
2024-11-22,4.34
2024-11-25,4.34
2024-11-26,4.32
2024-11-27,4.31
2024-11-28,
2024-11-29,4.30
2024-12-02,4.29
2024-12-03,4.26
2024-12-04,4.24
2024-12-05,4.24
2024-12-06,4.20
2024-12-09,4.20
2024-12-10,4.21
2024-12-11,4.18
2024-12-12,4.17
2024-12-13,4.18
2024-12-16,4.16
2024-12-17,4.17
2024-12-18,4.17
2024-12-19,4.15
2024-12-20,4.15
2024-12-23,4.16
2024-12-24,4.17
2024-12-25,
2024-12-26,4.18
2024-12-27,4.16
2024-12-30,4.14
2024-12-31,4.13
2025-01-01,
2025-01-02,4.14
2025-01-03,4.14
2025-01-06,4.12
2025-01-07,4.13
2025-01-08,4.13
2025-01-09,4.13
2025-01-10,4.16
2025-01-13,4.18
2025-01-14,4.18
2025-01-15,4.15
2025-01-16,4.15
2025-01-17,4.17
2025-01-20,
2025-01-21,4.17
2025-01-22,4.17
2025-01-23,4.15
2025-01-24,4.14
2025-01-27,4.14
2025-01-28,4.14
2025-01-29,4.16
2025-01-30,4.16
2025-01-31,4.16
2025-02-03,4.17
2025-02-04,4.16
2025-02-05,4.16
2025-02-06,4.17
2025-02-07,4.19
2025-02-10,4.19
2025-02-11,4.20
2025-02-12,4.22
2025-02-13,4.21
2025-02-14,4.21
2025-02-17,
2025-02-18,4.23
2025-02-19,4.22
2025-02-20,4.21
2025-02-21,4.19
2025-02-24,4.18
2025-02-25,4.17
2025-02-26,4.17
2025-02-27,4.17
2025-02-28,4.14
2025-03-03,4.13
2025-03-04,4.10
2025-03-05,4.12
2025-03-06,4.09
2025-03-07,4.11
2025-03-10,4.07
2025-03-11,4.09
2025-03-12,4.10
2025-03-13,4.09
2025-03-14,4.11
2025-03-17,4.11
2025-03-18,4.11
2025-03-19,4.11
2025-03-20,4.09
2025-03-21,4.09
2025-03-24,4.09
2025-03-25,4.09
2025-03-26,4.09
2025-03-27,4.09
2025-03-28,4.08
2025-03-31,4.08
2025-04-01,4.07
2025-04-02,4.09
2025-04-03,4.05
2025-04-04,3.99
2025-04-07,3.98
2025-04-08,3.99
2025-04-09,4.07
2025-04-10,4.02
2025-04-11,4.06
2025-04-14,4.05
2025-04-15,4.06
2025-04-16,4.05
2025-04-17,4.07
2025-04-18,
2025-04-21,4.05
2025-04-22,4.06
2025-04-23,4.07
2025-04-24,4.07
2025-04-25,4.07
2025-04-28,4.06
2025-04-29,4.04
2025-04-30,4.04
2025-05-01,4.07
2025-05-02,4.11
2025-05-05,4.09
2025-05-06,4.08
2025-05-07,4.09
2025-05-08,4.11
2025-05-09,4.10
2025-05-12,4.11
2025-05-13,4.11
2025-05-14,4.12
2025-05-15,4.11
2025-05-16,4.13
2025-05-19,4.14
2025-05-20,4.14
2025-05-21,4.15
2025-05-22,4.16
2025-05-23,4.17
2025-05-26,
2025-05-27,4.16
2025-05-28,4.17
2025-05-29,4.17
2025-05-30,4.17
2025-06-02,4.15
2025-06-03,4.15
2025-06-04,4.13
2025-06-05,4.13
2025-06-06,4.15
2025-06-09,4.16
2025-06-10,4.16
2025-06-11,4.15
2025-06-12,4.13
2025-06-13,4.14
2025-06-16,4.16
2025-06-17,4.15
2025-06-18,4.17
2025-06-19,
2025-06-20,4.14
2025-06-23,4.12
2025-06-24,4.11
2025-06-25,4.10
2025-06-26,4.10
2025-06-27,4.11
2025-06-30,4.11
2025-07-01,4.11
2025-07-02,4.10
2025-07-03,4.16
2025-07-04,
2025-07-07,4.15
2025-07-08,4.15
2025-07-09,4.13
2025-07-10,4.13
2025-07-11,4.13
2025-07-14,4.13
2025-07-15,4.15
2025-07-16,4.13
2025-07-17,4.14
2025-07-18,4.12
2025-07-21,4.12
2025-07-22,4.12
2025-07-23,4.13
2025-07-24,4.14
2025-07-25,4.13
2025-07-28,4.12
2025-07-29,4.10
2025-07-30,4.13
2025-07-31,4.13
2025-08-01,3.99
2025-08-04,3.98
2025-08-05,3.99
2025-08-06,3.98
2025-08-07,3.98
2025-08-08,3.99
2025-08-11,3.97
2025-08-12,3.95
2025-08-13,3.92
2025-08-14,3.95
2025-08-15,3.95
2025-08-18,3.96
2025-08-19,3.94
2025-08-20,3.94
2025-08-21,3.97
2025-08-22,3.92
2025-08-25,3.91
2025-08-26,3.89
2025-08-27,3.88
2025-08-28,3.88
2025-08-29,3.86
2025-09-01,
2025-09-02,3.88
2025-09-03,3.86
2025-09-04,3.84
2025-09-05,3.75
2025-09-08,3.74
2025-09-09,3.75
2025-09-10,3.74
2025-09-11,3.73
2025-09-12,3.74
2025-09-15,3.71
2025-09-16,3.71
2025-09-17,3.70
2025-09-18,3.72
2025-09-19,3.72
2025-09-22,3.71
2025-09-23,3.71
2025-09-24,3.72
2025-09-25,3.75
2025-09-26,3.74
2025-09-29,3.73
2025-09-30,3.72
2025-10-01,3.69
2025-10-02,3.70
2025-10-03,3.71
2025-10-06,3.70
2025-10-07,3.70
2025-10-08,3.71
2025-10-09,3.72
2025-10-10,3.70
2025-10-13,
2025-10-14,3.69
2025-10-15,3.71
2025-10-16,3.68
2025-10-17,3.68
2025-10-20,3.66
2025-10-21,3.66
2025-10-22,3.67
2025-10-23,3.67
2025-10-24,3.65
2025-10-27,3.63
2025-10-28,3.63
2025-10-29,3.70
2025-10-30,3.70
2025-10-31,3.70
2025-11-03,3.71
2025-11-04,3.68
2025-11-05,3.70
2025-11-06,3.67
2025-11-07,3.67
2025-11-10,3.69
2025-11-11,
2025-11-12,3.69
2025-11-13,3.70
2025-11-14,3.71
2025-11-17,3.71
2025-11-18,3.69
2025-11-19,3.71
2025-11-20,3.70
2025-11-21,3.66
2025-11-24,3.67
2025-11-25,3.65
2025-11-26,3.67
2025-11-27,
2025-11-28,3.66
2025-12-01,3.63
2025-12-02,3.61
2025-12-03,3.58
2025-12-04,3.58
2025-12-05,3.58
2025-12-08,3.58
2025-12-09,3.59
2025-12-10,3.55
2025-12-11,3.52
2025-12-12,3.48
2025-12-15,3.50
2025-12-16,3.49
2025-12-17,3.49
2025-12-18,3.48
2025-12-19,3.50
2025-12-22,3.49
2025-12-23,3.49
2025-12-24,3.48
2025-12-25,
2025-12-26,3.48
2025-12-29,3.50
2025-12-30,3.50
2025-12-31,3.50
2026-01-01,
2026-01-02,3.50
2026-01-05,3.48
2026-01-06,3.48
2026-01-07,3.48
2026-01-08,3.48
2026-01-09,3.49
2026-01-12,3.50
2026-01-13,3.50
2026-01-14,3.50
2026-01-15,3.51
2026-01-16,3.52
2026-01-19,
2026-01-20,3.52
2026-01-21,3.53
2026-01-22,3.53
2026-01-23,3.53
2026-01-26,3.53
2026-01-27,3.53
2026-01-28,3.54
2026-01-29,3.53
2026-01-30,3.52
2026-02-02,3.53
2026-02-03,3.53
2026-02-04,3.54
2026-02-05,3.50
2026-02-06,3.51
2026-02-09,3.50
2026-02-10,3.50
2026-02-11,3.51
2026-02-12,3.50
2026-02-13,3.50
2026-02-16,
2026-02-17,3.51
2026-02-18,3.51
2026-02-19,3.52
2026-02-20,3.52
2026-02-23,3.53
2026-02-24,3.53
2026-02-25,3.53
2026-02-26,3.53
2026-02-27,3.51
2026-03-02,3.54
2026-03-03,3.54
2026-03-04,3.54
2026-03-05,3.54
2026-03-06,3.52
2026-03-09,3.54
2026-03-10,3.53
2026-03-11,3.54
2026-03-12,3.56
2026-03-13,3.56
2026-03-16,3.57
2026-03-17,3.57
2026-03-18,3.59
2026-03-19,3.61
2026-03-20,3.63
2026-03-23,3.62
2026-03-24,3.63
2026-03-25,3.61
2026-03-26,3.62
2026-03-27,3.60
2026-03-30,3.61
2026-03-31,3.60
2026-04-01,3.59
2026-04-02,3.60
2026-04-03,3.61
2026-04-06,3.62
2026-04-07,3.60
2026-04-08,3.60
2026-04-09,3.58
2026-04-10,3.59
2026-04-13,3.61
2026-04-14,3.60
2026-04-15,3.60
2026-04-16,3.58
2026-04-17,3.56
2026-04-20,3.59
2026-04-21,3.60
2026-04-22,3.59
2026-04-23,3.59